{"cameraMode":{"drawMode":0,"name":"Shaded","section":"Shading Mode"},"sceneLighting":false,"audioPlay":false,"sceneViewState":{"m_AlwaysRefresh":false,"showFog":true,"showSkybox":false,"showFlares":true,"showImageEffects":true,"showParticleSystems":true,"showVisualEffectGraphs":true,"m_FxEnabled":true},"in2DMode":false,"pivot":{"x":4.596001625061035,"y":5.546950340270996,"z":0.459450364112854},"rotation":{"x":-0.003746919333934784,"y":-0.9854029417037964,"z":-0.02187022939324379,"w":0.16893896460533143},"size":2.1494295597076418,"orthographic":false}