{"cameraMode":{"drawMode":0,"name":"Shaded","section":"Shading Mode"},"sceneLighting":false,"audioPlay":false,"sceneViewState":{"m_AlwaysRefresh":false,"showFog":true,"showSkybox":false,"showFlares":true,"showImageEffects":true,"showParticleSystems":true,"showVisualEffectGraphs":true,"m_FxEnabled":true},"in2DMode":false,"pivot":{"x":7.39600133895874,"y":5.595824718475342,"z":0.5691515207290649},"rotation":{"x":-0.005115846637636423,"y":-0.9881753325462341,"z":-0.03379937633872032,"w":0.14964209496974946},"size":2.1494295597076418,"orthographic":false}